{"count": 17, "results": [{"id": 3, "type": "challenge", "location": "6bf3b4fe763fa9fd0254c07576f4123d/rev1", "challenge_id": 2, "page_id": null}, {"id": 4, "type": "challenge", "location": "070fe84b876a2b7b8baa2559e6311444/babysDontDrinkCoffe", "challenge_id": 3, "page_id": null}, {"id": 5, "type": "challenge", "location": "f94a59e6318c2539317ee623bf6a6640/rev2", "challenge_id": 4, "page_id": null}, {"id": 6, "type": "challenge", "location": "5b1a40156c1c1c3e12371b73ec3b2ada/rev3", "challenge_id": 5, "page_id": null}, {"id": 8, "type": "challenge", "location": "49c0a37f2cf412027d85143953cdd3b9/rev4", "challenge_id": 7, "page_id": null}, {"id": 9, "type": "challenge", "location": "a3ed5a0c9ff4a547d1c82cc4f6a7ecb1/auto", "challenge_id": 8, "page_id": null}, {"id": 10, "type": "challenge", "location": "081456dcf542706d9f770c9c8d51efcc/vm", "challenge_id": 9, "page_id": null}, {"id": 11, "type": "challenge", "location": "182638c3a1c50239e9b3c5822633d56d/babysMakeTheirOwnCoffe", "challenge_id": 10, "page_id": null}, {"id": 12, "type": "challenge", "location": "b27b285f76b7a46158dfafd4186dc836/key.txt", "challenge_id": 11, "page_id": null}, {"id": 14, "type": "challenge", "location": "b3782778b26516e8c76504ec2b888a84/babysDontApologize", "challenge_id": 6, "page_id": null}, {"id": 15, "type": "challenge", "location": "45a96ccf4af5d26f997df6bebd069ab9/babysDontApologize.c", "challenge_id": 6, "page_id": null}, {"id": 16, "type": "challenge", "location": "b13ddebe3287e5ba4f612b24d48bc29f/babysDontDrinkCoffe.c", "challenge_id": 3, "page_id": null}, {"id": 17, "type": "challenge", "location": "a77c550cac7bb127544bc58c370cb38e/key.txt", "challenge_id": 13, "page_id": null}, {"id": 19, "type": "challenge", "location": "4ed12f4f3a1bccf1b7c25eb5a48ce4d9/key.txt", "challenge_id": 14, "page_id": null}, {"id": 20, "type": "challenge", "location": "4f056bc79772ffdcd3b2f423a9985b44/key.txt", "challenge_id": 16, "page_id": null}, {"id": 21, "type": "challenge", "location": "50aea69468519b0924264432d4ff9ad6/libc.so.6", "challenge_id": 22, "page_id": null}, {"id": 22, "type": "challenge", "location": "77f027e5adf303f3e7ece7db75643a7f/magicfish", "challenge_id": 22, "page_id": null}], "meta": {}}