{"count": 1, "results": [{"id": 1, "title": "Home", "route": "index", "content": "<div class=\"row\">\r\n    <div class=\"col-md-6 offset-md-3\">\r\n        <img class=\"w-100 mx-auto d-block\" style=\"max-width: 500px;padding: 50px;padding-top: 14vh;\" src=\"themes/core/static/img/logo.png\" />\r\n        <h3 class=\"text-center\">\r\n            <p>A cool CTF by Plean&Shiro</p>\r\n            <p>Don't forget the <a href=\"https://discord.gg/j93QPdU\">Discord</a> !</p>\r\n        </h3>\r\n        <br>\r\n        <h4 class=\"text-center\">\r\n            Wish you luck !\r\n        </h4>\r\n    </div>\r\n</div>", "draft": 0, "hidden": 0, "auth_required": 0}], "meta": {}}