{"count": 2, "results": [{"id": 1, "oauth_id": null, "name": "Pycatchown", "password": "$bcrypt-sha256$2b,12$Kvo.eVloLyZuVQ3We08EKO$7AQ3w1JNm.QQudD0ejWljiXNVEOyULK", "email": "baptiste.mayaud@epitech.eu", "type": "admin", "secret": null, "website": null, "affiliation": null, "country": null, "bracket": null, "hidden": 1, "banned": 0, "verified": 0, "team_id": null, "created": "2020-05-01T12:15:16"}, {"id": 2, "oauth_id": null, "name": "plean_test", "password": "$bcrypt-sha256$2b,12$QvTXFAQbXIYoffI41yOSEe$yEx.XnMd0GXxtPdG53Viqga76HEC6PG", "email": "plean_test@yopmail.com", "type": "user", "secret": null, "website": null, "affiliation": null, "country": null, "bracket": null, "hidden": 0, "banned": 0, "verified": 0, "team_id": null, "created": "2020-05-01T13:10:48"}], "meta": {}}